student_initials,fishId,species,trap_type,trap _#,trap_loc,trap_set_date,trap_set_time,trap_pull_date,trap_pull_time,TL,FL_(mm),SL_(mm),WT,popeye,Ecto_P,abnorm,age,sex,nad_wt (mg)
AO'S,31,BG,S,N/A,3,9.10.2021,,9.10.2021,,106,97,82,18704,N,N,N/A,2,F,291.2
AO'S,45,BG,S,N/A,3,9.10.2021,,9.10.2021,,64,59,50,4160,N,N,N/A,1,M,
AO'S,50,BG,S,N/A,3,9.10.2021,,9.10.2021,,71,66,54,5178,N,N,N/A,2,U,
AO'S,56,BG,S,N/A,3,9.10.2021,,9.10.2021,,59,56,46,3353,Y,N,N/A,0,F,52.8
AO'S,88,BG,G,20,3,9.9.2021,18:20,9.10.2021,10:15,62,58,47,3553,N,N,N/A,1,F,41.8
AO'S,152,BG,G,6,4,9.9.2021,17:20,9.10.2021,10:33,65,61,51,4577,N,N,N/A,1,U,
AO'S,154,BG,G,6,4,9.9.2021,17:20,9.10.2021,10:33,57,52,43,2586,N,N,N/A,0,U,
AO'S,155,BG,CA,12,4,9.9.2021,,9.10.2021,,80,74,60,7200,N,N,N/A,2,M,
AO'S,158,BG,G,8,1,9.9.2021,,9.10.2021,,64,59,48,3934,N,N,N/A,1,U,
AO'S,165,BG,S,N/A,3,9.10.2021,,9.10.2021,,79,75,68,7500,Y,N,N/A,2,M,
AO'S,210,BG,S,N/A,3,9.10.2021,,9.10.2021,,56,52,45,2600,Y,N,N/A,0,F,46.4
AO'S,216,BG,G,18,2,9.9.2021,,9.10.2021,,57,53,44,3000,N,N,N/A,1,F,
AVA,184,BG,G,8,1,9.9.2021,,9.10.2021,,64,60,50,3900,N,N,N/A,,F,47.3
AVA,270,BG,G,20,3,9.9.2021,18:20,9.10.2021,10:15,70,66,55,5600,N,N,N/A,1,M,83.3
BT,24,BG,S,N/A,3,9.10.2021,,9.10.2021,,86,82,67,10600,N,N,N/A,1,M,U
BT,53,BG,S,N/A,3,9.10.2021,,9.10.2021,,68,59,51,3800,N,N,N/A,2,F,35.5
BT,89,BG,G,20,3,9.9.2021,18:20,9.10.2021,10:15,52,48,40,2400,N,N,N/A,1,F,143.2
BT,197,BG,G,1,1,9.9.2021,,9.10.2021,,54,50,42,2400,N,N,N/A,0,M,U
BT,226,BG,G,7,4,9.9.2021,,9.10.2021,,62,58,50,3900,N,N,N/A,2,F,38.5
CC,63,BG,G,20,3,9.9.2021,18:20,9.10.2021,10:15,66,63,52,4900,N,N,N/A,N/A,N/A,
CC,185,BG,G,8,1,9.9.2021,,9.10.2021,,62,56,50,4000,N,N,N/A,1,F,29.4
CC,192,BG,G,3,4,9.9.2021,17:06,9.10.2021,10:30,58,45,40,2800,N,N,N/A,0,U,U
CC,195,BG,G,1,1,9.9.2021,,9.10.2021,10:15,62,55,50,3800,N,N,N/A,1,F,32.2
CC,200,BG,G,1,1,9.9.2021,,9.10.2021,10:15,55,44,40,2900,N,N,N/A,0,F,23.2
CC,222,BG,G,1,1,9.9.2021,,9.10.2021,10:15,57,53,46,3100,N,N,N/A,0,M,U
CC,228,BG,G,7,4,9.9.2021,17:28,9.10.2021,10:22,58,50,45,3400,N,N,N/A,1,M,U
CM,57,BG,S,N/A,3,9.10.2021,,9.10.2021,,57,54,46,3190,Y,N,N/A,1,N/A,
CM,211,BG,G,7,4,9.9.2021,17:28,9.10.2021,10:22,62,60,48,4100,Y,N,N/A,0,N/A,
DM,294,BG,CA,19,,9.9.2021,,9.10.2021,,65,60,48,3622,N,N,N/A,1,M,
DT,54,BG,S,N/A,3,9.9.2021,16:15,9.10.2021,11:22,60,55,45,3200,N,N,N/A,N/A,U,
DT,95,BG,G,20,3,9.9.2021,18:20,9.10.2021,10:15,57,54,44,3200,N,N,N/A,N/A,F,44.2
DT,146,BG,G,6,4,9.9.2021,17:20,9.10.2021,10:33,69,65,54,4700,N,N,N/A,0,M,
DT,190,BG,G,8,1,9.9.2021,,9.10.2021,,67,64,50,4300,N,N,N/A,0,U,
DT,198,BG,G,1,1,9.9.2021,16:30,9.10.2021,10:09,67,61,50,4600,N,N,N/A,1,U,
DT,240,BG,G,10,1,9.9.2021,16:52,9.10.2021,10:40,66,62,51,4000,N,N,N/A,0,M,
HJ,4,BG,S,NA,3,9.9.2021,,9.10.2021,,65,60,54,4200,N,N,N/A,1,U,
HJ,242,BG,G,8,1,9.9.2021,,9.10.2021,,62,57,47,3600,N,N,N/A,1,F,36.9
HJ,272,BG,G,6,4,9.9.2021,17:20,9.10.2021,10:33,51,49,40,2500,N,N,N/A,0,F,26.5
HJ,282,BG,S,N/A,3,9.9.2021,,9.10.2021,,65,58,50,4200,N,N,N/A,2,M,25.1
HJ,288,BG,G,9,,9.9.2021,,9.10.2021,,56,53,44,2900,N,N,N/A,1,M,22.5
HO,5,BG,S,NA,3,9.10.2021,,9.10.2021,,74,70,58,6500,N,N,NA,0,F,29.8
HO,99,BG,G,17,3,9.9.2021,,9.10.2021,10:00,68,64,52,4400,N,N,NA,1,M,U
HO,245,BG,G,4,4,9.9.2021,,9.10.2021,,69,65,55,5200,N,N,NA,1,M,U
HO,274,BG,G,6,4,9.9.2021,17:20,9.10.2021,10:33,57,55,58,3200,N,N,NA,0,M,18.3
JAD,2,BG,S,N/A,3,9.10.2021,,9.10.2021,,63,58,39,3900,N,N,N/A,1,F,262.4
JAD,102,BG,G,17,3,9.9.2021,,9.10.2021,,66,61,40,4600,N,N,N/A,1,F,258.6
JAD,108,BG,G,10,1,9.9.2021,,9.10.2021,,70,66,46,5900,N,N,N/A,1,F,318.4
JAD,119,BG,G,10,1,9.9.2021,,9.10.2021,,62,58,42,3900,N,N,N/A,2,F,251.7
JAD,257,BG,G,8,4,9.9.2021,,9.10.2021,,64,60,40,4100,N,N,N/A,1,M,229.7
JAD,259,BG,G,4,4,9.9.2021,,9.10.2021,,65,61,45,4100,N,N,N/A,0,F,30.9
JAD,263,BG,G,8,4,9.9.2021,,9.10.2021,,55,52,37,2500,N,N,N/A,0,F,240
JAD,290,BG,G,9,,9.9.2021,,9.10.2021,,54,50,34,2800,N,N,N/A,0,F,265.2
JC,14,BG,S,N/A,3,9.10.2021,,9.10.2021,,65,60,54,11600,N,N,N/A,N/A,N/A,
JC,14,BG,S,N/A,3,9.9.21,,9.10.21,10:00,65,60,54,"1,160",N,N,N/A,1,M,81.1
JC,255,BG,G,4,,9.9.21,,9.10.21,,65,64,50,"1,500",N,N,N/A,1,F,80.1
JC,278,BG,S,,,9.9.21,,9.10.21,,55,54,49,"1,400",N,N,N/A,1,N/A,
JC,279,BG,G,9,,9.9.21,,9.10.21,,65,64,,,,N,N/A,N/A,N/A,
JC,280,BG,G,9,,9.9.21,,9.10.21,,,,,,,N,N/A,N/A,N/A,
JD,33,BG,S,N/A,3,9.10.21,,9.10.2021,,75,70,57,6500,N,N,N/A,0,M,U
JD,46,BG,S,N/A,3,9.10.21,,9.10.2021,,75,70,60,7500,Y,N,N/A,1,F,138.2
JD,59,BG,CA,5,1,9.9.2021,16:54,9.10.2021,10:40,76,71,60,7600,Y,N,N/A,2,F,117
JD,66,BG,S,N/A,3,9.10.21,,9.10.2021,,65,60,50,4900,N,N,N/A,0,F,U
JD,87,BG,CA,20,3,9.9.2021,18:20,9.10.2021,10:15,62,56,44,3600,N,N,N/A,0,F,30.5
JD,178,BG,CA,12,4,9.9.2021,,9.10.2021,,70,65,60,,Y,N,N/A,1,F,105
JD,186,BG,G,8,4,9.9.2021,,9.10.2021,,67,62,53,3430,Y,N,N/A,1,F,55.6
JD,188,BG,G,8,4,9.9.2021,,9.10.2021,,57,53,47,,N,N,N/A,0,M,
JD,199,BG,G,1,1,9.9.2021,16:30,9.10.2021,10:09,51,48,40,,N,N,N/A,0,M,U
JD,207,BG,G,1,1,9.9.2021,16:30,9.10.2021,10:09,59,56,44,3370,Y,N,N/A,1,U,
JD,223,BG,G,3,4,9.9.2021,17:06,9.10.2021,10:30,52,50,39,,N,N,N/A,0,F,U
JM,22,BG,S,N/A,3,9.10.2021,,9.10.2021,,101,97,79,18700,N,N,N/A,2,F,309
JM,69,BG,S,N/A,3,9.10.2021,,9.10.2021,,70,65,52,5000,N,N,N/A,2,M,17.2
JM,72,BG,S,N/A,3,9.10.2021,,9.10.2021,,56,52,43,2800,N,N,N/A,1,F,18.2
JM,79,BG,CA,5,1,9.9.2021,16:54,9.10.2021,10:40,95,89,78,14700,N,N,N/A,2,M,69
JM,91,BG,G,20,3,9.9.2021,18:20,9.10.2021,10:15,67,63,52,5100,N,N,N/A,2,F,61.6
JM,208,BG,S,N/A,3,9.10.2021,,9.10.2021,,67,63,52,4900,N,N,N/A,2,M,30.4
JM,236,BG,G,18,2,9.9.2021,,9.10.2021,,62,58,48,3900,N,N,N/A,1,F,81.1
JM,269,BG,G,20,3,9.9.2021,18:20,9.10.2021,10:15,70,66,54,6300,N,N,N/A,2,M,25
JT,32,BG,S,N/A,3,9.10.2021,,9.10.2021,,87,83,69,13500,N,N,N/A,1,F,135.2
JT,153,BG,G,8,4,9.9.2021,17:20,9.10.2021,10:33,60,59,45,4000,N,N,N/A,2,M,
JT,166,BG,G,18,2,9.9.2021,,9.10.2021,,60,58,46,3900,N,N,N/A,1,F,37.9
LW,44,BG,S,N/A,3,9.10.2021,,9.10.2021,,73,68,58,7800,N,N,N/A,1,M,U
LW,61,BG,G,20,3,9.9.2021,18:20,9.10.2021,10:15,61,58,46,3700,N,N,N/A,1,F,U
LW,68,BG,S,N/A,3,9.10.2021,,9.10.2021,,66,62,49,4600,N,N,N/A,1,M,U
LW,151,BG,G,6,4,9.9.2021,17:20,9.10.2021,10:33,69,66,54,4600,N,N,N/A,1,F,53.1
LW,157,BG,G,6,4,9.9.2021,17:20,9.10.2021,10:33,54,51,42,2200,N,N,N/A,0,F,17.3
LW,160,BG,G,8,1,9.9.2021,,9.10.2021,,57,54,44,3200,N,N,N/A,1,F,46
LW,168,BG,G,3,4,9.9.2021,17:06,9.10.2021,10:30,63,58,47,3700,N,N,N/A,0,U,U
LW,214,BG,S,N/A,3,9.10.2021,,9.10.2021,,67,63,50,4500,N,N,N/A,1,F,52
MA,11,BG,S,N/A,3,9.9.21,,9.10.2021,11:30,121,114,93,3070,N,N,N/A,0,M,
MA,11,BG,S,N/A,3,9.10.2021,,9.10.2021,,121,114,93,30700,N,N,N/A,N/A,N/A,
MA,134,BG,G,10,1,9.9.2021,16:52,9.10.2021,10:40,49,48,38,1900,N,N,slight eye enlargment,0,U,
MB,12,BG,S,N/A,3,9.10.2021,na,9.10.2021,na,66,63,47,5083,N,N,N/A,1,N/A,
MB,105,BG,G,17,3,9.9.2021,,9.10.2021,10:00,57,54,44,2977,N,N,missing top half of caudal fin,1,N/A,
MB,118,BG,G,10,1,9.9.2021,16:52,9.10.2021,10:40,67,64,54,4864,N,N,N/A,1,N/A,
MB,213,BG,G,8,1,9.9.2021,,9.10.2021,,55,53,43,2754,N,N,N/A,1,F,20.5
MB,221,BG,G,8,1,9.9.2021,,9.10.2021,,61,58,47,3858,N,N,N/A,1,M,1
MB,246,BG,G,4,4,9.9.2021,,9.10.2021,,66,63,51,4486,N,N,N/A,1,U,U
MB,281,BG,S,N/A,3,9.10.21,,9.10.2021,,76,70,58,6608,N,N,N/A,2,N/A,
MB,284,BG,S,N/A,3,9.10.21,,9.10.2021,,67,63,50,5051,N,N,N/A,1,N/A,
MC,41,BG,S,N/A,3,9.10.2021,,9.10.2021,,55,52,43,2700,N,N,N/A,0,M,U
MC,92,BG,G,20,3,9.9.2021,18:20,9.10.2021,10:15,64,60,49,4500,N,N,N/A,1,F,35.5
MC,150,BG,G,3,4,9.9.2021,17:06,9.10.2021,10:30,70,65,54,5300,N,N,White dots in eyes,0,F,57
MC,227,BG,G,7,4,9.9.2021,17:28,9.10.2021,10:22,52,50,41,2500,N,N,N/A,1,F,35.1
MC,234,BG,G,20,3,9.9.2021,18:20,9.10.2021,10:15,61,57,48,3900,N,N,N/A,1,M,26.7
MMO,71,BG,S,N/A,3,9.10.2021,,9.10.2021,,56,51,40,2900,N,N,N/A,0,M,29
MMO,94,BG,G,20,3,9.10.2021,,9.10.2021,,58,56,45,3600,N,N,N/A,1,F,43.1
MMO,173,BG,G,8,1,9.10.2021,,9.10.2021,,60,57,45,3600,N,N,N/A,1,U,
MMO,174,BG,G,3,4,9.9.2021,17:06,9.10.2021,10:30,67,64,51,5000,N,N,N/A,0,M,48.4
MMO,175,BG,G,3,4,9.9.2021,17:06,9.10.2021,10:30,64,60,49,3900,N,N,N/A,1,F,24.9
MMO,176,BG,G,1,1,9.9.2021,16:30,9.10.2021,10:09,63,60,48,4100,N,N,N/A,1,F,49.1
MMO,204,BG,S,N/A,3,9.10.2021,,9.10.2021,,62,58,47,4100,N,N,N/A,0,U,
MMO,205,BG,S,N/A,3,9.10.2021,,9.10.2021,,59,55,45,3300,N,N,N/A,0,F,23
MMO,206,BG,G,7,4,9.9.2021,,9.10.2021,,59,55,45,3200,N,N,N/A,0,M,36.7
ND,122,BG,G,10,3,9.9.2021,16:52,9.10.2021,10:40,56,53,43,4027,N,N,N/A,N/A,U,U
ND,144,BG,CA,14,3,9.9.2021,18:10,9.10.2021,10:10,71,66,49,5701,N,N,N/A,1,F,34.9
ND,145,BG,CA,14,3,9.9.2021,18:10,9.10.2021,10:10,73,70,59,7300,N,N,N/A,N/A,F,120
RS,6,BG,S,N/A,3,9.10.2021,,9.10.2021,,103,96,81,15800,N,N,N/A,N/A,F,205.2
RS,97,BG,G,17,3,9.9.2021,18:13,9.10.2021,10:00,66,56,51,4300,N,N,N/A,1,F,65.4
RS,137,BG,G,10,1,9.9.2021,16:52,9.10.2021,10:48,59,55,46,2800,N,N,N/A,1,F,44.5
RS,261,BG,G,8,1,9.9.2021,16:42,9.10.2021,9:50,64,60,50,3700,N,N,N/A,2,F,51.2
RS,277,BG,G,20,3,9.9.2021,18:20,9.10.2021,10:15,65,61,49,3900,N,N,N/A,1,F,17.1
SG,123,BG,G,10,1,9.9.2021,16:52,9.10.2021,10:40,58,47,44,3000,N,N,N/A,0,F,42.2
SG,250,BG,G,4,4,9.9.2021,,9.10.2021,,64,51,45,3600,N,N,N/A,1,F,41.6
SG,265,BG,G,8,1,9.9.2021,,9.10.2021,,63,58,55,3620,N,N,N/A,0,M,11.1
SG,276,BG,G,20,3,9.9.2021,18:20,9.10.2021,10:15,65,59,50,4700,N,N,N/A,2,U,U
SG,283,BG,S,N/A,3,9.10.2021,,9.10.2021,,74,69,55,6200,Y,N,N/A,2,M,20.1
SG,301,BG,G,9,,9.9.2021,,9.10.2021,,61,57,46,3300,N,N,N/A,1,F,21.8
SP,84,BG,G,20,3,9.9.2021,18:20,9.10.2021,10:15,63,58,50,4200,N,N,N/A,1,M,39.2
SP,189,BG,G,1,1,9.9.2021,,9.10.2021,10:15,58,50,45,3100,N,N,N/A,0,U,
SP,268,BG,G,20,3,9.9.2021,18:20,9.10.2021,10:15,58,54,48,2900,N,N,N/A,0,U,
TB,10,BG,S,,3,9.9.21,16:15,9.10.2021,11:22,59,55,46,3200,N,N,N/A,0,U,U
TB,260,BG,G,8,,9.9.21,,9.10.2021,,50,47,39,1900,N,N,N/A,0,M,U
AO'S,161,H,G,3,4,9.9.2021,17:06,9.10.2021,10:30,59,56,48,3730,N,N,N/A,1,F,52.9
AO'S,163,H,S,N/A,3,9.10.2021,,9.10.2021,,62,56,48,4200,N,N,N/A,1,U,
AO'S,164,H,S,N/A,3,9.10.2021,,9.10.2021,,65,62,49,4500,N,N,N/A,1,F,
BT,40,H,S,N/A,3,9.10.2021,,9.10.2021,,88,83,68,11900,Y,N,Caudal Fin Damage,1,M,U
BT,187,H,G,3,4,9.9.2021,17:06,9.10.2021,10:30,68,64,59,7100,N,N,Caudal Fin Damage,1,F,143.9
BT,241,H,G,20,4,9.9.2021,,9.10.2021,,62,58,48,4200,N,N,N/A,1,F,63.5
DM,125,H,G,10,1,9.9.2021,16:52,9.10.2021,10:40,63,59,47,4177,N,N,N/A,1,M,N/A
DM,253,H,,4,4,9.9.2021,,9.10.2021,,62,55,47,3585,N,N,N/A,1,F,68.9
DM,297,H,G,6,4,9.9.2021,17:20,9.10.2021,10:33,57,54,44,3678,N,N,N/A,1,F,56.9
DT,25,H,S,N/A,3,9.9.2021,16:15,9.10.2021,11:22,84,79,66,9100,Y,N,N/A,1,F,118.5
DT,36,H,S,N/A,3,9.9.2021,16:15,9.10.2021,11:22,88,83,68,10700,Y,N,N/A,2,F,160
JD,83,H,G,20,3,9.9.2021,18:20,9.10.2021,10:15,55,49,45,3900,N,N,N/A,1,F,U
JD,171,H,G,6,4,9.9.2021,17:20,9.10.2021,10:33,51,48,39,2000,N,N,N/A,0,F,49.1
JD,193,H,G,3,4,9.9.2021,17:06,9.10.2021,10:30,64,60,48,,N,N,N/A,N/A,N/A,
JD,229,H,G,8,4,9.9.2021,,9.10.2021,,53,49,44,,N,N,N/A,0,F,115
JM,195,H,G,1,1,9.9.2021,16:30,9.10.2021,10:09,59,57,47,4000,N,N,N/A,2,M,13.2
JT,90,H,CA,N/A,1,9.9.2021,,9.10.2021,,57,56,45,3800,N,N,N/A,1,F,42.2
JT,159,H,G,3,1,9.9.2021,,9.10.2021,,47,44,38,2500,N,N,Part of cadual was gone,0,F,
LW,30,H,S,N/A,3,9.10.2021,,9.10.2021,,78,73,61,8600,N,N,N/A,2,F,160.4
LW,51,H,S,N/A,3,9.10.2021,,9.10.2021,,66,63,53,5300,N,N,N/A,1,M,U
LW,156,H,G,8,1,9.9.2021,,9.10.2021,,58,55,45,3600,N,N,N/A,1,U,U
LW,167,H,CA,12,4,9.9.2021,,9.10.2021,,76,74,58,8200,N,N,N/A,1,F,191.1
LW,169,H,G,1,1,9.9.2021,16:54,9.10.2021,10:40,58,55,46,3300,N,N,Fin Damage,0,F,U
LW,218,H,G,4,4,9.9.2021,17:04,9.10.2021,9:46,63,59,50,4500,N,N,N/A,0,F,U
LW,220,H,G,18,2,9.9.2021,,9.10.2021,,59,55,46,4000,N,N,N/A,1,F,58.1
MC,149,H,G,6,4,9.9.2021,17:20,9.10.2021,10:33,62,59,49,4300,N,N,N/A,1,F,69
MMO,26,H,S,N/A,3,9.10.2021,,9.10.2021,,75,71,59,8600,Y,N,N/A,1,F,117.4
MMO,39,H,S,N/A,3,9.10.2021,,9.10.2021,,77,72,57,8700,Y,N,N/A,0,F,163.8
MMO,48,H,S,N/A,3,9.10.2021,,9.10.2021,,76,72,56,8000,Y,N,N/A,1,F,96.2
MMO,76,H,CA,5,1,9.9.2021,16:54,9.10.2021,10:40,83,79,60,10600,Y,N,N/A,3,U,
MMO,85,H,G,20,3,9.10.2021,,9.10.2021,,61,58,45,3800,N,N,N/A,1,F,19.7
MMO,172,H,CA,12,4,9.9.2021,,9.10.2021,,56,52,40,2900,N,N,N/A,1,F,76.2
MMO,230,H,G,7,4,9.10.2021,,9.10.2021,,55,52,42,2900,N,N,N/A,1,M,12.5
MMO,232,H,G,18,4,9.10.2021,,9.10.2021,,57,54,45,3100,N,N,N/A,1,F,31.7
SG,100,H,G,17,3,9.9.2021,18:15,9.10.2021,10:00,51,54,44,2800,Y,N,N/A,1,U,U
TB,98,H,G,17,3,9.9.21,18:13,9.10.2021,10:00,53,50,42,2400,N,N,N/A,0,M,U
TB,116,H,G,10,1,9.9.21,16:52,9.10.2021,10:40,63,59,49,4200,N,N,N/A,1,F,60.9
TB,249,H,G,6,4,9.9.2021,17:20,9.10.2021,10:33,71,67,57,5800,N,N,N/A,1,F,63.6
TB,286,H,G,9,,9.9.21,,9.10.2021,,57,54,46,3200,N,N,N/A,0,M,23.1
TB,289,H,G,9,,9.9.21,,9.10.2021,,57,54,45,3000,N,N,N/A,1,F,54.9
DT,183,H,CA,12,4,9.9.2021,,9.10.2021,,77,73,59,7100,Y,N,N/A,1,U,
DT,224,H,S,N/A,3,9.9.2021,16:15,9.10.2021,11:22,59,56,45,3200,N,N,N/A,0,U,
AO'S,18,PS,S,N/A,3,9.10.2021,,9.10.2021,,87,82,68,11652,N,N,N/A,2,F,245.9
AO'S,75,PS,CA,5,1,9.9.2021,16:54,9.10.2021,10:40,80,76,63,9194,N,N,N/A,2,F,154.9
AO'S,82,PS,CA,5,1,9.9.2021,16:54,9.10.2021,10:40,79,74,62,7583,N,N,N/A,2,F,
AVA,16,PS,S,N/A,3,9.10.2021,,9.10.2021,,88,81,68,11900,Y,N,N/A,2,F,176.6
AVA,49,PS,S,N/A,3,9.10.2021,,9.10.2021,,78,75,63,8800,Y,N,N/A,,M,U
AVA,60,PS,S,N/A,3,9.10.2021,,9.10.2021,,75,73,60,7900,Y,N,N/A,1,F,89.2
AVA,77,PS,CA,5,1,9.9.2021,16:54,9.10.2021,10:40,95,87,76,13200,N,N,N/A,1,M,-
AVA,196,PS,G,1,1,9.9.2021,16:30,9.10.2021,10:09,65,61,50,4200,N,N,N/A,,F,28.6
BT,81,PS,CA,5,1,9.9.2021,16:54,9.10.2021,10:40,77,72,60,7800,N,N,N/A,0,F,U
BT,180,PS,G,6,4,9.9.2021,17:20,9.10.2021,10:33,72,68,58,7000,N,N,N/A,1,F,U
CC,13,PS,S,N/A,3,9.10.2021,,9.10.2021,,81,N/A,70,8400,Y,N,Caudal Fin Damage,1,M,
CC,34,PS,S,N/A,3,9.10.2021,,9.10.2021,,55,52,44,3400,N,N,N/A,2,U,U
CC,47,PS,S,N/A,3,9.10.2021,,9.10.2021,,80,76,68,9900,Y,N,N/A,2,M,U
CC,73,PS,S,N/A,3,9.10.2021,,9.10.2021,,60,54,49,3800,N,N,N/A,1,U,U
CC,74,PS,CA,5,1,9.9.2021,16:54,9.10.2021,10:40,68,64,58,5600,N,N,N/A,N/A,N/A,
CC,225,PS,G,7,4,9.9.2021,17:28,9.10.2021,10:22,65,59,50,4500,N,N,N/A,1,M,U
CC,238,PS,G,7,4,9.9.2021,17:28,9.10.2021,10:22,56,52,44,2900,N,N,N/A,0,U,U
CM,29,PS,S,N/A,3,9.10.2021,,9.10.2021,,71,69,55,6620,Y,N,N/A,2,N/A,
CM,37,PS,S,N/A,3,9.10.2021,,9.10.2021,,79,75,62,9560,Y,N,N/A,2,N/A,
CM,177,PS,G,6,4,9.9.2021,17:20,9.10.2021,10:33,60,58,47,3600,Y,N,N/A,1,N/A,
CM,201,PS,G,8,1,9.9.2021,,9.10.2021,,63,60,58,4800,Y,N,N/A,0,N/A,
CM,202,PS,G,7,4,9.9.2021,17:28,9.10.2021,10:22,56,53,44,3500,N,N,N/A,2,N/A,
CM,235,PS,G,7,4,9.9.2021,17:28,9.10.2021,10:22,69,68,55,4900,Y,N,N/A,2,N/A,
DM,8,PS,S,N/A,3,9.10.2021,,9.10.2021,,79,74,62,7866,N,N,N/A,1,F,166
DM,110,PS,G,10,1,9.9.2021,16:52,9.10.2021,10:40,69,65,51,4629,N,N,N/A,1,M,N/A
DM,142,PS,CA,14,3,9.9.2021,18:10,9.10.2021,10:10,81,72,60,8168,Y,N,N/A,2,F,143.3
DM,219,PS,,8,1,9.9.2021,,9.10.2021,,64,58,49,3678,N,N,N/A,1,F,22.5
DM,266,PS,,8,1,9.9.2021,,9.10.2021,,57,54,48,3942,N,N,N/A,N/A,F,38
HJ,106,PS,G,17,,9.9.2021,,9.10.2021,,59,58,45,4600,N,N,N/A,1,U,
HJ,117,PS,G,10,1,9.9.2021,,9.10.2021,,60,56,43,3400,N,N,N/A,1,U,
HJ,129,PS,G,10,1,9.9.2021,,9.10.2021,,55,52,43,2900,N,N,N/A,0,F,
HJ,140,PS,CA ,14,3,9.9.2021,,9.10.2021,,70,65,55,5800,N,N,N/A,1,F,44.5
HJ,243,PS,G,4,4,9.9.2021,,9.10.2021,,67,62,50,5000,N,N,N/A,2,N/A,
HJ,247,PS,G,4,4,9.9.2021,,9.10.2021,,55,52,41,2900,N,N,N/A,1,F,12.9
HO,131,PS,G,10,1,9.9.2021,16:52,9.10.2021,10:40,58,54,44,3400,N,N,NA,1,M,8.6
HO,136,PS,CA,14,3,9.9.2021,18:10,9.10.2021,10:10,83,79,67,9900,Y,N,NA,2,F,33.8
HO,273,PS,S,NA,3,9.10.2021,NA,9.10.2021,NA,56,52,43,3000,N,N,NA,1,U,U
HO,287,PS,G,9,,9.9.2021,,9.10.2021,,62,53,46,4100,N,N,White eyes,1,F,43.5
JAD,127,PS,G,10,1,9.9.2021,,9.10.2021,,61,57,42,4300,N,N,N/A,2,F,250
JAD,133,PS,G,10,1,9.9.2021,,9.10.2021,,56,53,31,3300,N,N,N/A,1,F,240.4
JAD,139,PS,CA,14,3,9.9.2021,,9.10.2021,,84,79,55,9900,N,N,N/A,2,F,255.3
JAD,258,PS,G,4,4,9.9.2021,,9.10.2021,,55,53,35,2800,N,N,N/A,1,F,33.3
JAD,293,PS,S,N/A,3,9.10.2021,,9.10.2021,,63,58,40,4700,N,N,NA,1,M,U
JAD,295,PS,G,20,3,9.9.2021,18:20,9.10.2021,10:15,55,51,35,2800,N,N,N/A,2,F,257.8
JAD,300,PS,G,6,4,9.9.2021,17:20,9.10.2021,10:33,64,61,40,4600,N,N,N/A,1,M,23.1
JC,114,PS,G,17,17,9.9.21,6:13,9.10.21,10:00,56,58,45,970,N,N,N/A,1,M,70.8
JC,128,PS,G,10,,9.9.21,16:52,9.10.21,10:40,63,60,50,"1,400",N,N,N/A,2,F,84.1
JC,148,PS,CA,14,3,9.9.21,18:10,9.10.21,10:10,85,81,67,"1,790",N,N,N/A,2,M,74.2
JC,298,PS,G,6,,9.9.21,,9.10.21,,65,64,45,"1,020",N,N,,2,F,80
JD,20,PS,S,N/A,3,9.10.21,,9.10.2021,,90,85,70,11940,Y,N,N/A,2,F,247
JD,23,PS,S,N/A,3,9.10.2021,,9.10.2021,,79,74,60,9100,Y,N,N/A,2,M,
JD,42,PS,S,N/A,3,9.10.2021,,9.10.2021,,84,80,66,10200,Y,N,N/A,2,F,102.8
JD,52,PS,S,N/A,3,9.10.2021,,9.10.2021,,71,65,55,6890,Y,N,N/A,2,F,145.2
JD,55,PS,CA,5,1,9.9.2021,16:54,9.10.2021,10:40,80,75,62,9350,Y,N,N/A,2,M,38.2
JD,96,PS,G,20,3,9.9.2021,18:20,9.10.2021,10:15,64,58,45,4520,N,N,N/A,1,M,
JD,267,PS,G,20,3,9.9.2021,18:20,9.10.2021,10:15,65,62,50,4960,N,N,N/A,1,F,90.1
JM,181,PS,CA,12,4,9.9.2021,,9.10.2021,,71,67,56,6600,Y,N,N/A,1,F,32.7
JT,15,PS,S,N/A,3,9.10.2021,,9.10.2021,,76,73,61,8400,N,N,N/A,2,F,103.2
JT,58,PS,CA,5,1,9.9.2021,16:54,9.10.2021,10:40,78,75,60,8200,Y,N,N/A,3,M,
JT,162,PS,G,,4,9.9.2021,,9.10.2021,,67,59,54,6500,N,N,N/A,1,M,
JT,170,PS,S,N/A,3,9.9.2021,,9/10/2021,,7.6,7.2,6,9.1,N,N,N/A,2,F,109.2
JT,212,PS,G,20,3,9.9.2021,,9.10.2021,,60,58,48,4600,N,N,N/A,2,F,64.2
LW,19,PS,S,N/A,3,9.10.2021,,9.10.2021,,77,74,59,9200,N,N,N/A,1,F,46
LW,64,PS,CA,5,1,9.9.2021,16:54,9.10.2021,10:40,87,82,68,13000,N,N,N/A,3,M,U
LW,93,PS,G,20,3,9.9.2021,18:20,9.10.2021,10:15,59,56,45,3600,N,N,N/A,1,F,U
MA,104,PS,G,17,3,9.9.2021,18:13,9.10.2021,10:00,53,52,42,2600,N,N,N/A,0,M,
MA,121,PS,G,10,1,9.9.2021,16:42,9.10.2021,10:40,59,57,47,3600,N,N,N/A,0,U,
MB,101,PS,G,17,3,9.9.2021,,9.10.2021,10:00,69,66,59,6010,Y,N,N/A,2,N/A,
MB,112,PS,G,10,1,9.9.2021,16:52,9.10.2021,10:40,63,60,47,4539,N,N,N/A,1,N/A,
MB,120,PS,G,10,1,9.9.2021,16:52,9.10.2021,10:40,53,51,48,2518,N,N,N/A,0,N/A,
MB,130,PS,G,10,1,9.9.2021,16:52,9.10.2021,10:40,67,65,54,5132,N,N,damage to right eye,1,N/A,
MB,135,PS,G,10,1,9.9.2021,16:52,9.10.2021,10:40,58,55,46,3457,N,N,N/A,1,N/A,
MB,141,PS,CA,14,3,9.9.2021,18:10,9.10.2021,10:10,74,70,59,7444,N,N,N/A,1,N/A,
MB,215,PS,G,4,4,9.9.2021,,9.10.2021,,59,56,46,3563,N,N,N/A,1,F,50.3
MB,217,PS,G,8,1,9.9.2021,,9.10.2021,,54,51,43,2882,N,N,lense missing on right eye,1,F,18.9
MB,248,PS,G,4,4,9.9.2021,,9.10.2021,,57,55,45,3823,N,N,cataract in left eye,1,F,80.7
MB,271,PS,G,6,4,9.9.2021,17:20,9.10.2021,10:33,52,49,41,2353,N,N,N/A,1,N/A,
MB,275,PS,G,20,3,9.9.2021,18:20,9.10.2021,10:15,58,57,46,4199,N,N,N/A,1,N/A,
MC,28,PS,S,N/A,3,9.10.2021,,9.10.2021,,78,75,67,9700,Y,N,N/A,2,F,112.5
MC,67,PS,S,N/A,3,9.10.2021,,9.10.2021,,60,56,46,4200,Y,N,N/A,N/A,M,U
MC,80,PS,CA,5,1,9.9.2021,16:54,9.10.2021,10:40,77,75,65,7100,N,N,N/A,2,M,13.5
MC,203,PS,G,1,1,9.9.2021,16:30,9.10.2021,10:09,59,55,46,3800,N,N,N/A,1,M,14.3
ND,7,PS,S,,3,9.9.21,,9.10.21,,75,71,59,7111,N,N,N/A,1,F,121
ND,9,PS,S,N/A,3,9.10.2021,,9.10.2021,,80,77,61,9700,Y,N,N/A,1,F,200
ND,107,PS,G,17,3,9.9.2021,18:13,9.10.2021,10:00,55,52,42.5,3925,N,N,N/A,1,F,20
ND,109,PS,G,17,3,9.9.21,18:13,9.10.21,10:00,68,65,53,5590,N,N,N/A,1,U,
ND,124,PS,G,10,1,9.9.21,16:52,9.10.21,10:40,62,58,48,3782,N,N,N/A,0,F,20.5
RS,111,PS,G,10,1,9.9.2021,16:52,9.10.2021,10:40,58,55,46,3500,N,N,N/A,2,F,43.8
RS,132,PS,G,10,1,9.9.2021,16:52,9.10.2021,10:40,58,55,46,3400,N,N,N/A,1,F,11.4
RS,252,PS,G,4,4,9.9.2021,17:04,9.10.2021,9:46,63,61,50,4200,N,N,N/A,0,F,5.8
RS,285,PS,G,9,2,9.9.2021,17:32,9.10.2021,10:30,66,62,53,4500,N,N,N/A,1,F,7.1
SG,3,PS,S,N/A,3,9.10.2021,,9.10.2021,,82,74,64.5,9100,Y,N,N/A,2,M,15.1
SG,113,PS,G,10,1,9.9.2021,16:52,9.10.2021,10:40,69,65,54,5500,Y,N,N/A,1,M,39.6
SG,143,PS,CA ,14,3,9.9.2021,18:10,9.10.2021,10:10,70,64,55,5900,Y,N,N/A,2,M,20.4
SG,244,PS,G,4,4,9.9.2021,,9.10.2021,,64,62,54,4400,Y,N,N/A,2,F,27.8
SP,27,PS,S,N/A,3,9.10.2021,,9.10.2021,,86,82,69,10600,Y,N,N/A,1,F,164.8
SP,43,PS,S,N/A,3,9.10.2021,,9.10.2021,,87,82,68,1130,Y,N,N/A,2,M,42.3
SP,78,PS,CA,5,1,9.9.2021,16:54,9.10.2021,10:40,74,66,60,6500,Y,N,N/A,1,M,41.1
SP,182,PS,G,6,1,9.9.2021,,9.10.2021,10:40,60,55,48,4100,N,N,N/A,2,M,32.3
SP,237,PS,G,7,4,9.9.2021,17:28,9.10.2021,10:22,66,54,48,5600,N,N,N/A,1,F,89.4
TB,138,PS,CA ,14,3,9.9.2021,18:10,9.10.2021,10:10,85,82,69,11300,Y,N,N/A,2,M,U
